ID,Name,Position,Salary,Email
1,Farida Fahmy,Analyst,9605,farida.fahmy1@example.com
2,Rana Ibrahim,Analyst,4036,rana.ibrahim2@example.com
3,Nadia Hamdy,Analyst,7693,nadia.hamdy3@example.com
4,Walid Tamer,Consultant,9926,walid.tamer4@example.com
5,Dina Lotfy,Engineer,3659,dina.lotfy5@example.com
6,Khaled Youssef,Engineer,18100,khaled.youssef6@example.com
7,Farida Khalil,Analyst,6189,farida.khalil7@example.com
8,Adel Tamer,Consultant,9260,adel.tamer8@example.com
9,Ahmed Lotfy,Designer,14811,ahmed.lotfy9@example.com
10,Tamer Mahmoud,Analyst,7941,tamer.mahmoud10@example.com
11,Samia Fahmy,Manager,4849,samia.fahmy11@example.com
12,Ahmed Said,Clerk,12420,ahmed.said12@example.com
13,Khaled Ibrahim,Consultant,9103,khaled.ibrahim13@example.com
14,Samia Hegazy,Designer,11617,samia.hegazy14@example.com
15,Yasmin Fahmy,Engineer,8597,yasmin.fahmy15@example.com
16,Farida Hassan,Engineer,18786,farida.hassan16@example.com
17,Samia Hegazy,Engineer,16360,samia.hegazy17@example.com
18,Mona Fahmy,Consultant,13168,mona.fahmy18@example.com
19,Dina Adel,Consultant,14737,dina.adel19@example.com
20,Amr Gaber,Manager,17403,amr.gaber20@example.com
21,Ahmed Hamdy,Technician,14959,ahmed.hamdy21@example.com
22,Dina Adel,Manager,9657,dina.adel22@example.com
23,Farida Hassan,Technician,5750,farida.hassan23@example.com
24,Sarah Gaber,Analyst,9706,sarah.gaber24@example.com
25,Ahmed Ali,Engineer,19887,ahmed.ali25@example.com
26,Youssef Hegazy,Technician,16557,youssef.hegazy26@example.com
27,Reem Tawfik,Clerk,12555,reem.tawfik27@example.com
28,Laila Tawfik,Engineer,12427,laila.tawfik28@example.com
29,Ibrahim Fahmy,Clerk,12299,ibrahim.fahmy29@example.com
30,Sarah Lotfy,Consultant,10625,sarah.lotfy30@example.com
31,Sarah Said,Clerk,12880,sarah.said31@example.com
32,Ali Tawfik,Engineer,14128,ali.tawfik32@example.com
33,Rana Mostafa,Analyst,3381,rana.mostafa33@example.com
34,Mostafa Hamdy,Consultant,12348,mostafa.hamdy34@example.com
35,Hassan Tamer,Engineer,13373,hassan.tamer35@example.com
36,Yasmin Fahmy,Manager,14508,yasmin.fahmy36@example.com
37,Ibrahim Mahmoud,Clerk,7141,ibrahim.mahmoud37@example.com
38,Karim Youssef,Analyst,3934,karim.youssef38@example.com
39,Rana Adel,Analyst,3623,rana.adel39@example.com
40,Dina Khalil,Analyst,13775,dina.khalil40@example.com
41,Hany Mostafa,Engineer,14985,hany.mostafa41@example.com
42,Youssef Nasser,Designer,4729,youssef.nasser42@example.com
43,Mahmoud Fahmy,Engineer,17237,mahmoud.fahmy43@example.com
44,Walid Omar,Engineer,4558,walid.omar44@example.com
45,Hassan Khalil,Engineer,11054,hassan.khalil45@example.com
46,Mostafa Tamer,Clerk,11106,mostafa.tamer46@example.com
47,Sarah Nasser,Manager,11156,sarah.nasser47@example.com
48,Huda Hassan,Manager,18651,huda.hassan48@example.com
49,Youssef Ali,Technician,11615,youssef.ali49@example.com
50,Ali Omar,Consultant,3414,ali.omar50@example.com
51,Ahmed Fahmy,Manager,8102,ahmed.fahmy51@example.com
52,Salma Tawfik,Engineer,18841,salma.tawfik52@example.com
53,Sarah Saeed,Consultant,9872,sarah.saeed53@example.com
54,Khaled Khalil,Consultant,16222,khaled.khalil54@example.com
55,Yasmin Fahmy,Manager,18141,yasmin.fahmy55@example.com
56,Laila Khalil,Clerk,3219,laila.khalil56@example.com
57,Youssef Hamdy,Manager,3332,youssef.hamdy57@example.com
58,Mona Fahmy,Designer,10707,mona.fahmy58@example.com
59,Youssef Hamdy,Manager,19714,youssef.hamdy59@example.com
60,Mahmoud Tawfik,Engineer,11777,mahmoud.tawfik60@example.com
61,Reem Hamdy,Consultant,12800,reem.hamdy61@example.com
62,Amr Ali,Analyst,10970,amr.ali62@example.com
63,Rana Fahmy,Analyst,15855,rana.fahmy63@example.com
64,Ahmed Tamer,Clerk,9236,ahmed.tamer64@example.com
65,Karim Shawky,Designer,15000,karim.shawky65@example.com
66,Salma Ibrahim,Technician,4852,salma.ibrahim66@example.com
67,Farida Youssef,Engineer,11319,farida.youssef67@example.com
68,Tamer Tawfik,Engineer,10762,tamer.tawfik68@example.com
69,Yasmin Omar,Manager,7598,yasmin.omar69@example.com
70,Tamer Saeed,Designer,10414,tamer.saeed70@example.com
71,Laila Hegazy,Engineer,8618,laila.hegazy71@example.com
72,Farida Ali,Engineer,17284,farida.ali72@example.com
73,Marwa Mahmoud,Clerk,5746,marwa.mahmoud73@example.com
74,Huda Ibrahim,Technician,10778,huda.ibrahim74@example.com
75,Mona Youssef,Analyst,18166,mona.youssef75@example.com
76,Mostafa Shawky,Engineer,8788,mostafa.shawky76@example.com
77,Hassan Ali,Designer,11641,hassan.ali77@example.com
78,Omar Ali,Clerk,8927,omar.ali78@example.com
79,Farida Lotfy,Analyst,7943,farida.lotfy79@example.com
80,Mahmoud Ibrahim,Technician,11122,mahmoud.ibrahim80@example.com
81,Walid Youssef,Engineer,8690,walid.youssef81@example.com
82,Ibrahim Lotfy,Technician,14981,ibrahim.lotfy82@example.com
83,Walid Tamer,Designer,15907,walid.tamer83@example.com
84,Samia Nasser,Consultant,19115,samia.nasser84@example.com
85,Mahmoud Tawfik,Engineer,16461,mahmoud.tawfik85@example.com
86,Walid Hassan,Analyst,18254,walid.hassan86@example.com
87,Mostafa Ali,Technician,15631,mostafa.ali87@example.com
88,Mahmoud Hassan,Clerk,19705,mahmoud.hassan88@example.com
89,Ali Lotfy,Clerk,18248,ali.lotfy89@example.com
90,Sarah Ibrahim,Engineer,13979,sarah.ibrahim90@example.com
91,Ibrahim Said,Technician,16078,ibrahim.said91@example.com
92,Samia Gaber,Engineer,4553,samia.gaber92@example.com
93,Walid Said,Engineer,5512,walid.said93@example.com
94,Amr Shawky,Clerk,19883,amr.shawky94@example.com
95,Samia Mahmoud,Analyst,10390,samia.mahmoud95@example.com
96,Yasmin Tamer,Consultant,6789,yasmin.tamer96@example.com
97,Mahmoud Omar,Manager,3971,mahmoud.omar97@example.com
98,Farida Lotfy,Designer,18388,farida.lotfy98@example.com
99,Reem Fahmy,Engineer,19153,reem.fahmy99@example.com
100,Yasmin Hegazy,Clerk,18731,yasmin.hegazy100@example.com
